id;ean;ark;titre;editeur;auteur;reference_editeur;collection;distributeur;url_couverture;date_parution;commandable;type;prix_ht;description;disponibilite;date_disponibilite
1;Rubber Repres;hack;deliver;Fantastic Steel Car;invoice;Dalasi;Libyan Dinar Officer capacitor;Concrete;transition;2020-11-25T23:09:43;false;NUMERIQUE;71419;Generic Frozen Bacon;DISPONIBLE;2020-11-26T02:08:33
2;deposit user-;solid state Cambridgeshire;unleash;Mouse Peso Uruguayo Uruguay Peso en Unidades Indexadas Practical;virtual Business-focused;turquoise Steel model;Fantastic Steel Bike schemas Public-key;Small Steel Chips;Shirt Awesome;2020-11-25T21:50:59;false;NUMERIQUE;78307;user-centric Cambridgeshire Legacy;A_PARAITRE;2020-11-26T00:29:23
3;JSONXXXXXXXXX;Georgia;Graphic Interface generating clicks-and-mortar;matrix;Summit;overriding;Louisiana Auto Loan Account;Planner;green;2020-11-25T11:02:17;true;NUMERIQUE;35061;functionalities Incredible Granite Towels;NON_DISPONIBLE_PROVISOIREMENT;2020-11-26T01:44:58
4;auxiliary e-m;grey;Savings Account;Personal Loan Account indexing;Generic Steel Salad Bike;monitoring;Associate Functionality;hack Producer;approach;2020-11-25T11:54:01;true;PAPIER;33888;Research;EPUISE;2020-11-26T04:30:45
5;greenXXXXXXXX;redefine Small Metal Tuna Group;Tasty pixel;Bedfordshire;models supply-chains;sticky California;Locks panel;Cayman Islands Dollar District;Security copying;2020-11-25T17:09:45;false;PAPIER;79761;Jewelery;A_PARAITRE;2020-11-25T13:09:30
6;multi-byteXXX;expedite;panel database Quality;Home Loan Account;parse forecast Steel;Czech Koruna maximized EXE;Rest Netherlands Antilles;Investment Account monitor Generic Concrete Pants;Rustic;2020-11-25T22:02:12;true;PAPIER;81689;Guinea deliverables Viaduct;NON_DISPONIBLE_PROVISOIREMENT;2020-11-25T22:37:12
7;Integrated Se;District National;e-commerce;Heights Intelligent;definition;help-desk logistical;knowledge base;calculating visionary;JSON 24/365 Borders;2020-11-26T06:49:21;false;PAPIER;16580;Electronics Supervisor;DISPONIBLE;2020-11-26T02:51:12
8;XML indexXXXX;Designer;Tunisian Dinar Manager SDD;Agent;Kazakhstan coherent payment;Global Nebraska user-centric;Soap sticky human-resource;Fantastic monitor intangible;back up;2020-11-25T16:42:54;true;PAPIER;4926;cross-platform;A_PARAITRE;2020-11-26T07:52:37
9;Beauty SASXXX;e-business;generate;knowledge base;Florida;Serbian Dinar copy;AI purple Investment Account;Missouri Hat bandwidth;dedicated Intelligent Rubber Gloves;2020-11-25T14:09:42;false;NUMERIQUE;26726;Borders;EN_COURS_DE_REIMPRESSION;2020-11-26T03:44:55
10;Investment Ac;Granite;Coordinator Health Fantastic Rubber Bacon;black Mobility;Ergonomic;salmon cyan Internal;Corporate convergence Home;parse Coordinator portals;payment cross-platform Handmade Metal Pants;2020-11-25T10:02:24;true;PAPIER;67760;plum Division Ergonomic;EN_COURS_D_IMPRESSION;2020-11-26T00:56:00
